erenJeager1,erenJeager11,erenjeager@gmail.com,Eren,Jeager,Professional,/Users/muhammeterenozogul/eclipse-workspace/projefinalcode/src/images/erenpp.jpeg,22
reinerBraun2,reinerBraun22,reinerbraun@gmail.com,Reiner,Braun,Professional,/Users/muhammeterenozogul/eclipse-workspace/projefinalcode/src/images/reinerpp.jpg,32
mikasaAckerman3,mikasaAckerman33,mikasaackerman@gmail.com,Mikasa,Ackerman,Professional,/Users/muhammeterenozogul/eclipse-workspace/projefinalcode/src/images/mikasapp.jpeg,22
leviAckerman4,leviAckerman44,leviackerman@hotmail.com,Levi,Ackerman,Hobbyist,/Users/muhammeterenozogul/eclipse-workspace/projefinalcode/src/images/levipp.jpeg,27
arminArlert5,arminArlert55,arminarlert@hotmail.com,Armin,Arlert,Hobbyist,/Users/muhammeterenozogul/eclipse-workspace/projefinalcode/src/images/arminpp.jpeg,22
erwinSmith6,erwinSmith66,erwinsmith@gmail.com,Erwin,Smith,Hobbyist,/Users/muhammeterenozogul/eclipse-workspace/projefinalcode/src/images/erwinpp.jpeg,40
hangeZoe7,hangeZoe77,hangezoe@icloud.com,Hange,Zoe,Free,/Users/muhammeterenozogul/eclipse-workspace/projefinalcode/src/images/hangepp.jpeg,29
sashaBraus8,sashaBraus88,sashabraus@icloud.com,Sasha,Braus,Free,/Users/muhammeterenozogul/eclipse-workspace/projefinalcode/src/images/sashapp.jpeg,23
erenOzogul,Asd12345,erenozogul@gmail.com,Muhammet Eren,Ozogul,Administrator,./src/images/administratorpp.jpg,22
jeanKristein9,jeanKristein99,jeankristein@icloud.com,Jean,Kristein,Free,/Users/muhammeterenozogul/eclipse-workspace/projefinalcode/src/images/jeanpp.jpeg,24
demo2,Aaa12345,demo@gmail.com,muhammet,ozogul,Professional,/Users/muhammeterenozogul/Desktop/demo/kedi.jpeg,20
